{
    "RougeL_recall_F": 0.28665542415336703,
    "RougeL_recall_R": 0.6672941785550954,
    "KFR": 0.8545454545454545,
    "KRR": 0.7407407407407407,
    "PPL_F": 14.472358827157453,
    "PPL_R": 7.086432916146737,
    "TTR_F": 4.904369511651613,
    "TTR_R": 5.026137415135208,
    "BI_F": 7.159914158976758,
    "BI_R": 7.217205384508511,
    "HS_F": 1896.8152666567184,
    "HS_R": 2003.80648490842,
    "Harmonic_F": 0.7775868881084145,
    "Harmonic_R": 0.7021018830443251,
    "Mean_F": 0.7839450151960438,
    "Mean_R": 0.7040174596479181,
    "Harmonic_AS_F": 0.12178883348201139,
    "Harmonic_AS_R": 0.17336894288197888,
    "Arithmetic_AS_F": 0.3955515911358693,
    "Arithmetic_AS_R": 0.41495366488676666,
    "Model": "llama2-7b_kud_knowmasking_klr_gdr_privacy_512_1e-5_f0cutv0-full"
}